{
    "metadata_aggregation_ms": 2751.1036999999305,
    "filesystem_scan_ms": 34.95169999996506,
    "files_found": 0,
    "cache_hit_ms": 0.0033999999686784577
}